-- ===========================================
-- IMPORTAR DATOS DE PRODUCCIÓN A DEV
-- ===========================================
-- Ejecutar en Supabase DEV después de crear las tablas
-- Fecha exportación: 2026-01-18
-- ===========================================

-- =============================================
-- 1. EMPRESAS (30 registros)
-- =============================================
INSERT INTO public.empresas (id, nombre, cuit, email, telefono, direccion, activa, tipo_empresa, localidad, provincia) VALUES ('9540358f-8fc6-49f9-91e1-6decb2fbb466'::uuid, 'Transportes Demo SA', '30-87654321-2', 'admin@transportes-demo.com', '+54 11 8765-4321', 'Ruta 9 Km 45', true, 'transporte', 'San Martín', 'Buenos Aires') ON CONFLICT (id) DO NOTHING;
INSERT INTO public.empresas (id, nombre, cuit, email, telefono, direccion, activa, tipo_empresa, localidad, provincia) VALUES ('0441ce57-2765-4a13-a286-a10f5c3558de'::uuid, 'Empresa Coordinadora Demo', '20-12345678-9', 'contacto@coordinadora-demo.com', '+54 11 1234-5678', 'Av. Principal 123', true, 'planta', 'Buenos Aires', 'CABA') ON CONFLICT (id) DO NOTHING;
INSERT INTO public.empresas (id, nombre, cuit, email, telefono, direccion, activa, tipo_empresa, localidad, provincia) VALUES ('46a4fd45-1218-4f83-97c2-071e93acb604'::uuid, 'Cliente Mayorista ABC', '30-11111111-1', '', '', 'Av. Comercial 100', true, 'planta', '', '') ON CONFLICT (id) DO NOTHING;
INSERT INTO public.empresas (id, nombre, cuit, email, telefono, direccion, activa, tipo_empresa, localidad, provincia) VALUES ('416a7b57-fb7d-49f5-8632-36928ad4fe61'::uuid, 'Tecnoembalajes Zayas S.A', '20-28848617-8', 'waltedanielzaas@gmail.com', '+5491127669000', 'Ecuador', true, 'cliente', '', '') ON CONFLICT (id) DO NOTHING;
INSERT INTO public.empresas (id, nombre, cuit, email, telefono, direccion, activa, tipo_empresa, localidad, provincia) VALUES ('ad313104-38bd-4baa-9bff-cd62b979e86c'::uuid, 'Transportes Demo SA', '20-87654321-0', 'contacto@transportes-demo.com', '+54-11-4000-2000', 'Ruta 9 Km 50, Buenos Aires', true, 'transporte', '', '') ON CONFLICT (id) DO NOTHING;
INSERT INTO public.empresas (id, nombre, cuit, email, telefono, direccion, activa, tipo_empresa, localidad, provincia) VALUES ('181d6a2b-cdc2-4a7a-8d2d-6ea1a7a3a9ed'::uuid, 'Logística Express SRL', '20-11111111-1', 'info@logistica-express.com', '+54-11-4000-3000', 'Parque Industrial Sur, Quilmes', true, 'transporte', '', '') ON CONFLICT (id) DO NOTHING;
INSERT INTO public.empresas (id, nombre, cuit, email, telefono, direccion, activa, tipo_empresa, localidad, provincia) VALUES ('ef41b949-6710-49ad-a366-a91984e72044'::uuid, 'Depósito Central Zona Norte', '30-22222222-2', '', '', 'Parque Industrial Norte', true, 'planta', '', '') ON CONFLICT (id) DO NOTHING;
INSERT INTO public.empresas (id, nombre, cuit, email, telefono, direccion, activa, tipo_empresa, localidad, provincia) VALUES ('9fef2a0c-b6b6-444e-bccd-12c66943c74c'::uuid, 'Tecnopack Zayas S.A', '20-28848617-5', 'waltedanielzaas@gmail.com', '', '', true, 'planta', '', '') ON CONFLICT (id) DO NOTHING;
INSERT INTO public.empresas (id, nombre, cuit, email, telefono, direccion, activa, tipo_empresa, localidad, provincia) VALUES ('50f256c8-fc57-4fae-bcf7-711c5afb1d73'::uuid, 'Planta Procesadora Norte', '30-12345678-9', 'planta.norte@empresa.com', '+54-11-1234-5678', 'Av. Industrial 1500', true, 'planta', 'Tigre', 'Buenos Aires') ON CONFLICT (id) DO NOTHING;
INSERT INTO public.empresas (id, nombre, cuit, email, telefono, direccion, activa, tipo_empresa, localidad, provincia) VALUES ('522f7b9a-a014-4a88-8a04-e9640ef855b7'::uuid, 'Centro de Distribución Sur', '30-87654321-0', 'centro.sur@empresa.com', '+54-11-8765-4321', 'Parque Industrial Km 45', true, 'planta', 'Quilmes', 'Buenos Aires') ON CONFLICT (id) DO NOTHING;
INSERT INTO public.empresas (id, nombre, cuit, email, telefono, direccion, activa, tipo_empresa, localidad, provincia) VALUES ('39b128d2-e129-4492-a6f6-5dee27462d90'::uuid, 'Supermercados Los Andes SA', '30-55555555-5', 'compras@losandes.com', '+54-11-5555-0000', 'Av. Corrientes 2000', true, 'planta', 'CABA', 'Buenos Aires') ON CONFLICT (id) DO NOTHING;
INSERT INTO public.empresas (id, nombre, cuit, email, telefono, direccion, activa, tipo_empresa, localidad, provincia) VALUES ('79501e33-757a-41c6-a099-35050874988d'::uuid, 'Distribuidora Del Valle', '30-66666666-6', 'logistica@delvalle.com.ar', '+54-11-6666-1111', 'Ruta 9 Km 67', true, 'planta', 'San Isidro', 'Buenos Aires') ON CONFLICT (id) DO NOTHING;
INSERT INTO public.empresas (id, nombre, cuit, email, telefono, direccion, activa, tipo_empresa, localidad, provincia) VALUES ('04bf74bc-3baa-4e61-95fa-2798d9ed70f6'::uuid, 'Tecnoembalajes Zayas S.A', '20-28848617-6', 'waltedanielzaas@gmail.com', '+5491127669000', 'Ecuador', true, 'cliente', '', '') ON CONFLICT (id) DO NOTHING;
INSERT INTO public.empresas (id, nombre, cuit, email, telefono, direccion, activa, tipo_empresa, localidad, provincia) VALUES ('d25a3251-9b0d-435a-8ffc-991e1bae4110'::uuid, 'Empresa Test 1758755767496', '20-64254813-9', 'test1758755767497@example.com', '+54 11 1234-5678', 'Dirección Test 123', true, 'cliente', '', '') ON CONFLICT (id) DO NOTHING;
INSERT INTO public.empresas (id, nombre, cuit, email, telefono, direccion, activa, tipo_empresa, localidad, provincia) VALUES ('7f8ed1a8-37b0-4c27-9935-e78972e72a2e'::uuid, 'Nodexia', '30-71234567-8', 'waltedanielzaas@gmail.com', '+5491127669000', 'Ecuador 328', true, 'sistema', 'San Francisco', 'Córdoba') ON CONFLICT (id) DO NOTHING;
INSERT INTO public.empresas (id, nombre, cuit, email, telefono, direccion, activa, tipo_empresa, localidad, provincia) VALUES ('3cc1979e-1672-48b8-a5e5-2675f5cac527'::uuid, 'Aceitera San Miguel S.A', '30-56489154-1', 'logistica@aceiterasanmiguel.com', '+5411888932', 'Av. Directorio 2400', true, 'planta', 'San Martin', 'Buenos Aires') ON CONFLICT (id) DO NOTHING;
INSERT INTO public.empresas (id, nombre, cuit, email, telefono, direccion, activa, tipo_empresa, localidad, provincia) VALUES ('2f869cfe-d395-4d9d-9d02-b21040266ffd'::uuid, 'Transportes Nodexia Demo', '30-98765432-1', 'operaciones@nodexiademo.com', '+54 3564 654321', 'Ruta Nacional 19 Km 432', true, 'transporte', 'Santa Fe', 'Santa Fe') ON CONFLICT (id) DO NOTHING;
INSERT INTO public.empresas (id, nombre, cuit, email, telefono, direccion, activa, tipo_empresa, localidad, provincia) VALUES ('30b2f467-22df-46e3-9230-4293c7ec9fd1'::uuid, 'Logística del Centro Demo', '27-55443322-8', 'waltedanielzaas@gmail.com', '+5491127669000', 'Ecuador', true, 'transporte', 'San Francisco', 'Córdoba') ON CONFLICT (id) DO NOTHING;
INSERT INTO public.empresas (id, nombre, cuit, email, telefono, direccion, activa, tipo_empresa, localidad, provincia) VALUES ('032b4d77-18b4-4722-8fa4-2e7d7231385f'::uuid, 'Transportes Norte Demo', '20-30000001-1', 'contacto@transportesnortedemo.com.ar', '+54 11 4100-1010', 'Av. Libertador 1100, CABA', true, 'transporte', '', '') ON CONFLICT (id) DO NOTHING;
INSERT INTO public.empresas (id, nombre, cuit, email, telefono, direccion, activa, tipo_empresa, localidad, provincia) VALUES ('04e9675d-c1bc-4c77-a04f-8dcda50c5f87'::uuid, 'Transportes Sur Demo', '20-30000002-2', 'contacto@transportessurdemo.com.ar', '+54 11 4200-1020', 'Av. Libertador 1200, CABA', true, 'transporte', '', '') ON CONFLICT (id) DO NOTHING;
INSERT INTO public.empresas (id, nombre, cuit, email, telefono, direccion, activa, tipo_empresa, localidad, provincia) VALUES ('cd5acb76-bbd5-4439-989b-216826717eef'::uuid, 'Transportes Este Demo', '20-30000003-3', 'contacto@transportesestedemo.com.ar', '+54 11 4300-1030', 'Av. Libertador 1300, CABA', true, 'transporte', '', '') ON CONFLICT (id) DO NOTHING;
INSERT INTO public.empresas (id, nombre, cuit, email, telefono, direccion, activa, tipo_empresa, localidad, provincia) VALUES ('55d16e57-fa75-47ad-8998-4f6d1f3540ae'::uuid, 'Transportes Oeste Demo', '20-30000004-4', 'contacto@transportesoestedemo.com.ar', '+54 11 4400-1040', 'Av. Libertador 1400, CABA', true, 'transporte', '', '') ON CONFLICT (id) DO NOTHING;
INSERT INTO public.empresas (id, nombre, cuit, email, telefono, direccion, activa, tipo_empresa, localidad, provincia) VALUES ('4f2070d0-453a-41b4-8735-5e8fb00ca072'::uuid, 'Transportes Central Demo', '20-30000005-5', 'contacto@transportescentraldemo.com.ar', '+54 11 4500-1050', 'Av. Libertador 1500, CABA', true, 'transporte', '', '') ON CONFLICT (id) DO NOTHING;
INSERT INTO public.empresas (id, nombre, cuit, email, telefono, direccion, activa, tipo_empresa, localidad, provincia) VALUES ('07679a42-28c0-48b4-aa09-ff42ac930587'::uuid, 'Transportes Rápido Demo', '20-30000006-6', 'contacto@transportesrápidodemo.com.ar', '+54 11 4600-1060', 'Av. Libertador 1600, CABA', true, 'transporte', '', '') ON CONFLICT (id) DO NOTHING;
INSERT INTO public.empresas (id, nombre, cuit, email, telefono, direccion, activa, tipo_empresa, localidad, provincia) VALUES ('f11c4aae-825d-4050-ad08-8488b8b8c9e1'::uuid, 'Transportes Regional Demo', '20-30000010-0', 'contacto@transportesregionaldemo.com.ar', '+54 11 5000-1100', 'Av. Libertador 2000', true, 'transporte', 'Caba', 'Buenos Aires') ON CONFLICT (id) DO NOTHING;
INSERT INTO public.empresas (id, nombre, cuit, email, telefono, direccion, activa, tipo_empresa, localidad, provincia) VALUES ('97fe058b-61ba-456e-b078-2184ff21bd9d'::uuid, 'Transportes Express Demo', '20-30000007-7', 'contacto@transportesexpressdemo.com.ar', '+54 11 4700-1070', 'Av. Libertador 1700, CABA', true, 'transporte', '', '') ON CONFLICT (id) DO NOTHING;
INSERT INTO public.empresas (id, nombre, cuit, email, telefono, direccion, activa, tipo_empresa, localidad, provincia) VALUES ('d0a5c949-0051-450a-aae1-88d2548d70e4'::uuid, 'Transportes Continental Demo', '20-30000008-8', 'contacto@transportescontinentaldemo.com.ar', '+54 11 4800-1080', 'Av. Libertador 1800, CABA', true, 'transporte', '', '') ON CONFLICT (id) DO NOTHING;
INSERT INTO public.empresas (id, nombre, cuit, email, telefono, direccion, activa, tipo_empresa, localidad, provincia) VALUES ('1ab70192-9ff3-48e3-aad0-ab35b878dfd3'::uuid, 'Transportes Nacional Demo', '20-30000009-9', 'contacto@transportesnacionaldemo.com.ar', '+54 11 4900-1090', 'Av. Libertador 1900, CABA', true, 'transporte', '', '') ON CONFLICT (id) DO NOTHING;
INSERT INTO public.empresas (id, nombre, cuit, email, telefono, direccion, activa, tipo_empresa, localidad, provincia) VALUES ('241bf229-1217-4547-9005-bf9d1e9802f6'::uuid, 'Manufacturas Sur S.R.L', '30-13246579-8', 'walter@sur.com', '+5491127669000', 'Ecuador 328', true, 'planta', 'San Francisco', 'Córdoba') ON CONFLICT (id) DO NOTHING;
INSERT INTO public.empresas (id, nombre, cuit, email, telefono, direccion, activa, tipo_empresa, localidad, provincia) VALUES ('00424716-50ba-43d2-b9d8-010116199424'::uuid, 'Supermercados La Economia', '30-65874123-9', 'recepcion@laeconomia.com.ar', '+541148235641', 'Av. Belgrano 1850', true, 'cliente', 'CABA', 'Buenos Aires') ON CONFLICT (id) DO NOTHING;

-- Empresas adicionales referenciadas en camiones/choferes
INSERT INTO public.empresas (id, nombre, cuit, email, telefono, direccion, activa, tipo_empresa, localidad, provincia) VALUES ('59371825-0099-438c-b2f9-e3ba4a273216'::uuid, 'Empresa Transporte Ref 1', '20-00000001-1', '', '', '', true, 'transporte', '', '') ON CONFLICT (id) DO NOTHING;
INSERT INTO public.empresas (id, nombre, cuit, email, telefono, direccion, activa, tipo_empresa, localidad, provincia) VALUES ('7fbfc39a-68e6-4e52-838b-834ea2b0258e'::uuid, 'Empresa Transporte Ref 2', '20-00000002-2', '', '', '', true, 'transporte', '', '') ON CONFLICT (id) DO NOTHING;
INSERT INTO public.empresas (id, nombre, cuit, email, telefono, direccion, activa, tipo_empresa, localidad, provincia) VALUES ('181d6a2b-cdc2-4a7a-8d2d-6ea1a7a18ded'::uuid, 'Empresa Transporte Ref 3', '20-00000003-3', '', '', '', true, 'transporte', '', '') ON CONFLICT (id) DO NOTHING;

-- =============================================
-- 2. RELACIONES_EMPRESAS (15 registros)
-- =============================================
INSERT INTO public.relaciones_empresas (id, empresa_cliente_id, empresa_transporte_id, estado, fecha_inicio) VALUES ('fd9f2fef-63b2-4c12-997d-295178f0f201'::uuid, '50f256c8-fc57-4fae-bcf7-711c5afb1d73'::uuid, '2f869cfe-d395-4d9d-9d02-b21040266ffd'::uuid, 'activa', now()) ON CONFLICT (id) DO NOTHING;
INSERT INTO public.relaciones_empresas (id, empresa_cliente_id, empresa_transporte_id, estado, fecha_inicio) VALUES ('39fd2431-eabf-4b92-af50-46d6e6eb2374'::uuid, '522f7b9a-a014-4a88-8a04-e9640ef855b7'::uuid, '2f869cfe-d395-4d9d-9d02-b21040266ffd'::uuid, 'activa', now()) ON CONFLICT (id) DO NOTHING;
INSERT INTO public.relaciones_empresas (id, empresa_cliente_id, empresa_transporte_id, estado, fecha_inicio) VALUES ('c98f5eec-2187-454e-a547-2c38c5609c74'::uuid, '39b128d2-e129-4492-a6f6-5dee27462d90'::uuid, '2f869cfe-d395-4d9d-9d02-b21040266ffd'::uuid, 'activa', now()) ON CONFLICT (id) DO NOTHING;
INSERT INTO public.relaciones_empresas (id, empresa_cliente_id, empresa_transporte_id, estado, fecha_inicio) VALUES ('9942e46d-207b-44d7-813f-b199aae24f49'::uuid, '79501e33-757a-41c6-a099-35050874988d'::uuid, '2f869cfe-d395-4d9d-9d02-b21040266ffd'::uuid, 'activa', now()) ON CONFLICT (id) DO NOTHING;
INSERT INTO public.relaciones_empresas (id, empresa_cliente_id, empresa_transporte_id, estado, fecha_inicio) VALUES ('3114e1b5-7ad8-4cd0-a225-535641e37eaa'::uuid, '50f256c8-fc57-4fae-bcf7-711c5afb1d73'::uuid, '9540358f-8fc6-49f9-91e1-6decb2fbb466'::uuid, 'activa', now()) ON CONFLICT (id) DO NOTHING;
INSERT INTO public.relaciones_empresas (id, empresa_cliente_id, empresa_transporte_id, estado, fecha_inicio) VALUES ('8061f4ea-30b3-4501-a4b1-ba745f43e42d'::uuid, '522f7b9a-a014-4a88-8a04-e9640ef855b7'::uuid, '9540358f-8fc6-49f9-91e1-6decb2fbb466'::uuid, 'activa', now()) ON CONFLICT (id) DO NOTHING;
INSERT INTO public.relaciones_empresas (id, empresa_cliente_id, empresa_transporte_id, estado, fecha_inicio) VALUES ('3bb00374-165f-4330-93d3-bbc93b00a123'::uuid, '39b128d2-e129-4492-a6f6-5dee27462d90'::uuid, '9540358f-8fc6-49f9-91e1-6decb2fbb466'::uuid, 'activa', now()) ON CONFLICT (id) DO NOTHING;
INSERT INTO public.relaciones_empresas (id, empresa_cliente_id, empresa_transporte_id, estado, fecha_inicio) VALUES ('686727e9-4b70-4758-bc9f-6aa7a591899d'::uuid, '79501e33-757a-41c6-a099-35050874988d'::uuid, '9540358f-8fc6-49f9-91e1-6decb2fbb466'::uuid, 'activa', now()) ON CONFLICT (id) DO NOTHING;
INSERT INTO public.relaciones_empresas (id, empresa_cliente_id, empresa_transporte_id, estado, fecha_inicio) VALUES ('bb87c7cd-eef7-4747-a1bf-ce54e6ee8338'::uuid, '0441ce57-2765-4a13-a286-a10f5c3558de'::uuid, '9540358f-8fc6-49f9-91e1-6decb2fbb466'::uuid, 'activa', now()) ON CONFLICT (id) DO NOTHING;
INSERT INTO public.relaciones_empresas (id, empresa_cliente_id, empresa_transporte_id, estado, fecha_inicio) VALUES ('fc03bf74-40db-4c44-8029-4a990f7380f7'::uuid, '0441ce57-2765-4a13-a286-a10f5c3558de'::uuid, 'ad313104-38bd-4baa-9bff-cd62b979e86c'::uuid, 'activa', now()) ON CONFLICT (id) DO NOTHING;
INSERT INTO public.relaciones_empresas (id, empresa_cliente_id, empresa_transporte_id, estado, fecha_inicio) VALUES ('b78ee0ce-09a2-424b-8407-fc50028db7fb'::uuid, '0441ce57-2765-4a13-a286-a10f5c3558de'::uuid, '181d6a2b-cdc2-4a7a-8d2d-6ea1a7a3a9ed'::uuid, 'activa', now()) ON CONFLICT (id) DO NOTHING;
INSERT INTO public.relaciones_empresas (id, empresa_cliente_id, empresa_transporte_id, estado, fecha_inicio) VALUES ('384ebf60-09bb-4b48-814a-30ac57d5eeae'::uuid, '3cc1979e-1672-48b8-a5e5-2675f5cac527'::uuid, '2f869cfe-d395-4d9d-9d02-b21040266ffd'::uuid, 'activa', now()) ON CONFLICT (id) DO NOTHING;
INSERT INTO public.relaciones_empresas (id, empresa_cliente_id, empresa_transporte_id, estado, fecha_inicio) VALUES ('c09a239d-f725-4113-a680-ca4dfd6e39e0'::uuid, '3cc1979e-1672-48b8-a5e5-2675f5cac527'::uuid, '181d6a2b-cdc2-4a7a-8d2d-6ea1a7a3a9ed'::uuid, 'activa', now()) ON CONFLICT (id) DO NOTHING;
INSERT INTO public.relaciones_empresas (id, empresa_cliente_id, empresa_transporte_id, estado, fecha_inicio) VALUES ('782177c2-df00-472a-95c3-ae12120a61b1'::uuid, '241bf229-1217-4547-9005-bf9d1e9802f6'::uuid, '181d6a2b-cdc2-4a7a-8d2d-6ea1a7a3a9ed'::uuid, 'activa', now()) ON CONFLICT (id) DO NOTHING;
INSERT INTO public.relaciones_empresas (id, empresa_cliente_id, empresa_transporte_id, estado, fecha_inicio) VALUES ('e872bb89-c7b2-4d85-bb02-3370adf5026b'::uuid, '9fef2a0c-b6b6-444e-bccd-12c66943c74c'::uuid, '181d6a2b-cdc2-4a7a-8d2d-6ea1a7a3a9ed'::uuid, 'activa', now()) ON CONFLICT (id) DO NOTHING;

-- =============================================
-- 3. CAMIONES (11 registros)
-- =============================================
INSERT INTO public.camiones (id, patente, marca, modelo, anio, foto_url, id_transporte) VALUES ('dc238389-5306-4036-8b09-76ee56743e34'::uuid, 'DEF456', 'Volvo', 'FH540', 2019, '', '2f869cfe-d395-4d9d-9d02-b21040266ffd'::uuid) ON CONFLICT (id) DO NOTHING;
INSERT INTO public.camiones (id, patente, marca, modelo, anio, foto_url, id_transporte) VALUES ('0c1ea483-5f3d-4f67-b26a-ed08277faf24'::uuid, 'GHI789', 'Mercedes-Benz', 'Actros 2046', 2021, '', '2f869cfe-d395-4d9d-9d02-b21040266ffd'::uuid) ON CONFLICT (id) DO NOTHING;
INSERT INTO public.camiones (id, patente, marca, modelo, anio, foto_url, id_transporte) VALUES ('4121d794-4423-4f0f-8d83-e1ff46f1f09f'::uuid, 'JKL012', 'Scania', 'R450', 2020, '', '2f869cfe-d395-4d9d-9d02-b21040266ffd'::uuid) ON CONFLICT (id) DO NOTHING;
INSERT INTO public.camiones (id, patente, marca, modelo, anio, foto_url, id_transporte) VALUES ('97c1e51b-359c-4d33-ba82-19445107cce7'::uuid, 'MNO345', 'Iveco', 'Stralis 570', 2022, '', '2f869cfe-d395-4d9d-9d02-b21040266ffd'::uuid) ON CONFLICT (id) DO NOTHING;
INSERT INTO public.camiones (id, patente, marca, modelo, anio, foto_url, id_transporte) VALUES ('225a485a-5815-4849-a10a-d3e315ad40cc'::uuid, 'PQR678', 'DAF', 'XF 480', 2020, '', '2f869cfe-d395-4d9d-9d02-b21040266ffd'::uuid) ON CONFLICT (id) DO NOTHING;
INSERT INTO public.camiones (id, patente, marca, modelo, anio, foto_url, id_transporte) VALUES ('eaa9f645-541c-45e5-8455-e6fdc992f84c'::uuid, 'AH352FJ', 'Mercedes', 'Actros', 2023, '', '59371825-0099-438c-b2f9-e3ba4a273216'::uuid) ON CONFLICT (id) DO NOTHING;
INSERT INTO public.camiones (id, patente, marca, modelo, anio, foto_url, id_transporte) VALUES ('62ad625a-f010-441d-a1f5-369a4a62035e'::uuid, 'AG046LJ', 'Mercedes', 'Actros', 2024, '', '7fbfc39a-68e6-4e52-838b-834ea2b0258e'::uuid) ON CONFLICT (id) DO NOTHING;
INSERT INTO public.camiones (id, patente, marca, modelo, anio, foto_url, id_transporte) VALUES ('896f02fd-3c18-45e8-896a-bc663d39ebb4'::uuid, 'AF325JG', 'Mercedes', 'Actross', 2024, '', '181d6a2b-cdc2-4a7a-8d2d-6ea1a7a3a9ed'::uuid) ON CONFLICT (id) DO NOTHING;
INSERT INTO public.camiones (id, patente, marca, modelo, anio, foto_url, id_transporte) VALUES ('bd4dd2cd-2363-43b3-b268-ecf1d09aa27c'::uuid, 'ABC123', 'Mercedes', 'Axor', 2023, 'https://lkdcofsfjnltuzzzwoir.supabase.co/storage/v1/object/public/flota/ABC123_1758305726094.png', '181d6a2b-cdc2-4a7a-8d2d-6ea1a7a3a9ed'::uuid) ON CONFLICT (id) DO NOTHING;
INSERT INTO public.camiones (id, patente, marca, modelo, anio, foto_url, id_transporte) VALUES ('d1cd27dd-dd1f-42ef-adb5-1b72b9cf7648'::uuid, 'DEF789', 'Iveco', 'Tector', 2019, 'https://lkdcofsfjnltuzzzwoir.supabase.co/storage/v1/object/public/flota/DEF789_1761864182894.jpg', '181d6a2b-cdc2-4a7a-8d2d-6ea1a7a3a9ed'::uuid) ON CONFLICT (id) DO NOTHING;
INSERT INTO public.camiones (id, patente, marca, modelo, anio, foto_url, id_transporte) VALUES ('db704935-e121-4cee-8182-7972f2a07042'::uuid, 'JKL899', 'Mercedes', 'Actros', 2024, '', '181d6a2b-cdc2-4a7a-8d2d-6ea1a7a3a9ed'::uuid) ON CONFLICT (id) DO NOTHING;

-- =============================================
-- 4. ACOPLADOS (8 registros)
-- =============================================
INSERT INTO public.acoplados (id, patente, marca, modelo, anio, foto_url, id_transporte) VALUES ('33ec2707-2b5b-4d97-94fd-e8e79b5f9733'::uuid, 'XYZ001', 'Helvetica', 'Granelero', 2020, '', '2f869cfe-d395-4d9d-9d02-b21040266ffd'::uuid) ON CONFLICT (id) DO NOTHING;
INSERT INTO public.acoplados (id, patente, marca, modelo, anio, foto_url, id_transporte) VALUES ('35817868-063c-4154-bba5-5a944a668f9a'::uuid, 'XYZ002', 'Turinetto', 'Sider', 2019, '', '2f869cfe-d395-4d9d-9d02-b21040266ffd'::uuid) ON CONFLICT (id) DO NOTHING;
INSERT INTO public.acoplados (id, patente, marca, modelo, anio, foto_url, id_transporte) VALUES ('c8c27f0a-a257-48ff-8169-dc7b144356bb'::uuid, 'XYZ003', 'Bresciani', 'Tanque', 2021, '', '2f869cfe-d395-4d9d-9d02-b21040266ffd'::uuid) ON CONFLICT (id) DO NOTHING;
INSERT INTO public.acoplados (id, patente, marca, modelo, anio, foto_url, id_transporte) VALUES ('99c58039-a4bd-496f-86d9-c0f33292a0d7'::uuid, 'AG125HR', 'Salto', 'Sider', 2024, '', '59371825-0099-438c-b2f9-e3ba4a273216'::uuid) ON CONFLICT (id) DO NOTHING;
INSERT INTO public.acoplados (id, patente, marca, modelo, anio, foto_url, id_transporte) VALUES ('3b1a2606-bdc2-4275-a636-a75af509b134'::uuid, 'AH025MN', 'Salto', 'Sider', 2023, '', '7fbfc39a-68e6-4e52-838b-834ea2b0258e'::uuid) ON CONFLICT (id) DO NOTHING;
INSERT INTO public.acoplados (id, patente, marca, modelo, anio, foto_url, id_transporte) VALUES ('18714416-1631-4b9a-be97-bec5be1c1ccb'::uuid, 'AF356JG', 'Salto', 'Sider', 2024, '', '181d6a2b-cdc2-4a7a-8d2d-6ea1a7a3a9ed'::uuid) ON CONFLICT (id) DO NOTHING;
INSERT INTO public.acoplados (id, patente, marca, modelo, anio, foto_url, id_transporte) VALUES ('740b866c-a556-41d5-8a23-7de9ce791dfa'::uuid, 'DEF456', 'Salto', 'Sider', 2024, 'https://lkdcofsfjnltuzzzwoir.supabase.co/storage/v1/object/public/flota/DEF456_1758307447213.png', '181d6a2b-cdc2-4a7a-8d2d-6ea1a7a3a9ed'::uuid) ON CONFLICT (id) DO NOTHING;
INSERT INTO public.acoplados (id, patente, marca, modelo, anio, foto_url, id_transporte) VALUES ('bcf1af11-31bd-4423-a475-019a5afca6a1'::uuid, 'AG403DF', 'Salto', '2020', 2024, '', '181d6a2b-cdc2-4a7a-8d2d-6ea1a7a3a9ed'::uuid) ON CONFLICT (id) DO NOTHING;

-- =============================================
-- 5. CHOFERES (30 registros)
-- =============================================
INSERT INTO public.choferes (id, nombre, apellido, dni, telefono, email, foto_url, id_transporte) VALUES ('ac465749-7574-4382-b3d0-cea2a6ab0ea8'::uuid, 'Pedro', 'Rodríguez Demo', '33866150', '+54 9 11 9325-1415', '', '', '032b4d77-18b4-4722-8fa4-2e7d7231385f'::uuid) ON CONFLICT (id) DO NOTHING;
INSERT INTO public.choferes (id, nombre, apellido, dni, telefono, email, foto_url, id_transporte) VALUES ('8dc00f29-8afe-4eaa-92b6-e3f11cee858f'::uuid, 'Carlos', 'González Demo', '35756372', '+54 9 11 8800-3974', '', '', '032b4d77-18b4-4722-8fa4-2e7d7231385f'::uuid) ON CONFLICT (id) DO NOTHING;
INSERT INTO public.choferes (id, nombre, apellido, dni, telefono, email, foto_url, id_transporte) VALUES ('4de6f897-3ff3-411d-b32a-ce5d0a64f655'::uuid, 'Luis', 'Fernández Demo', '33379498', '+54 9 11 5297-6900', '', '', '032b4d77-18b4-4722-8fa4-2e7d7231385f'::uuid) ON CONFLICT (id) DO NOTHING;
INSERT INTO public.choferes (id, nombre, apellido, dni, telefono, email, foto_url, id_transporte) VALUES ('57d941cd-eb62-4370-9df8-ee3e8e783547'::uuid, 'Miguel', 'López Demo', '34310086', '+54 9 11 6186-2682', '', '', '04e9675d-c1bc-4c77-a04f-8dcda50c5f87'::uuid) ON CONFLICT (id) DO NOTHING;
INSERT INTO public.choferes (id, nombre, apellido, dni, telefono, email, foto_url, id_transporte) VALUES ('e362e975-49bf-4a2d-aea0-efbbe08290a2'::uuid, 'Jorge', 'Martínez Demo', '31866015', '+54 9 11 5008-6949', '', '', '04e9675d-c1bc-4c77-a04f-8dcda50c5f87'::uuid) ON CONFLICT (id) DO NOTHING;
INSERT INTO public.choferes (id, nombre, apellido, dni, telefono, email, foto_url, id_transporte) VALUES ('30bdb62a-f8d3-40a7-9e8e-7d1bd9336fff'::uuid, 'Roberto', 'Sánchez Demo', '37100407', '+54 9 11 5159-1371', '', '', '04e9675d-c1bc-4c77-a04f-8dcda50c5f87'::uuid) ON CONFLICT (id) DO NOTHING;
INSERT INTO public.choferes (id, nombre, apellido, dni, telefono, email, foto_url, id_transporte) VALUES ('01fee374-ef51-4c64-b991-0f7261e5e5eb'::uuid, 'Diego', 'Pérez Demo', '37598545', '+54 9 11 6166-7965', '', '', 'cd5acb76-bbd5-4439-989b-216826717eef'::uuid) ON CONFLICT (id) DO NOTHING;
INSERT INTO public.choferes (id, nombre, apellido, dni, telefono, email, foto_url, id_transporte) VALUES ('bf760ec6-a27a-487e-92a2-cae094006147'::uuid, 'Martín', 'Gómez Demo', '39820364', '+54 9 11 5995-1216', '', '', 'cd5acb76-bbd5-4439-989b-216826717eef'::uuid) ON CONFLICT (id) DO NOTHING;
INSERT INTO public.choferes (id, nombre, apellido, dni, telefono, email, foto_url, id_transporte) VALUES ('d6ae96d7-fd46-4664-ab66-6f05efed290f'::uuid, 'Fernando', 'Díaz Demo', '34874024', '+54 9 11 8654-1960', '', '', 'cd5acb76-bbd5-4439-989b-216826717eef'::uuid) ON CONFLICT (id) DO NOTHING;
INSERT INTO public.choferes (id, nombre, apellido, dni, telefono, email, foto_url, id_transporte) VALUES ('740c7274-f4f6-4aaa-9a78-8c2f31654ba4'::uuid, 'Juan', 'Torres Demo', '33883034', '+54 9 11 5258-7806', '', '', '55d16e57-fa75-47ad-8998-4f6d1f3540ae'::uuid) ON CONFLICT (id) DO NOTHING;
INSERT INTO public.choferes (id, nombre, apellido, dni, telefono, email, foto_url, id_transporte) VALUES ('d8f7a35e-32d6-4169-aaf4-10051a3f049f'::uuid, 'Pedro', 'Ramírez Demo', '32071359', '+54 9 11 7728-9942', '', '', '55d16e57-fa75-47ad-8998-4f6d1f3540ae'::uuid) ON CONFLICT (id) DO NOTHING;
INSERT INTO public.choferes (id, nombre, apellido, dni, telefono, email, foto_url, id_transporte) VALUES ('ae6df89b-ddfc-442a-bce2-af63b7e28444'::uuid, 'Carlos', 'Flores Demo', '30466984', '+54 9 11 8899-2911', '', '', '55d16e57-fa75-47ad-8998-4f6d1f3540ae'::uuid) ON CONFLICT (id) DO NOTHING;
INSERT INTO public.choferes (id, nombre, apellido, dni, telefono, email, foto_url, id_transporte) VALUES ('b2507260-2558-4ee7-8f7b-5867590613a3'::uuid, 'Luis', 'Silva Demo', '30177886', '+54 9 11 9612-5257', '', '', '4f2070d0-453a-41b4-8735-5e8fb00ca072'::uuid) ON CONFLICT (id) DO NOTHING;
INSERT INTO public.choferes (id, nombre, apellido, dni, telefono, email, foto_url, id_transporte) VALUES ('1a777a68-5511-4b88-94f5-fd7e7e5049af'::uuid, 'Miguel', 'Morales Demo', '38929235', '+54 9 11 5393-5802', '', '', '4f2070d0-453a-41b4-8735-5e8fb00ca072'::uuid) ON CONFLICT (id) DO NOTHING;
INSERT INTO public.choferes (id, nombre, apellido, dni, telefono, email, foto_url, id_transporte) VALUES ('5c9dcfab-3fc9-46b3-9e5e-66b976a67d35'::uuid, 'Jorge', 'García Demo', '37171882', '+54 9 11 6324-3607', '', '', '4f2070d0-453a-41b4-8735-5e8fb00ca072'::uuid) ON CONFLICT (id) DO NOTHING;
INSERT INTO public.choferes (id, nombre, apellido, dni, telefono, email, foto_url, id_transporte) VALUES ('872dd90f-7f8f-49f8-8a09-6d5df55c722d'::uuid, 'Roberto', 'Rodríguez Demo', '31737757', '+54 9 11 6693-8000', '', '', '07679a42-28c0-48b4-aa09-ff42ac930587'::uuid) ON CONFLICT (id) DO NOTHING;
INSERT INTO public.choferes (id, nombre, apellido, dni, telefono, email, foto_url, id_transporte) VALUES ('2170fbef-d7c3-4e50-98c3-7841b0480c99'::uuid, 'Diego', 'González Demo', '38800464', '+54 9 11 9366-7999', '', '', '07679a42-28c0-48b4-aa09-ff42ac930587'::uuid) ON CONFLICT (id) DO NOTHING;
INSERT INTO public.choferes (id, nombre, apellido, dni, telefono, email, foto_url, id_transporte) VALUES ('58de192c-1958-4dd3-8b16-7a67b3c5b053'::uuid, 'Martín', 'Fernández Demo', '31504766', '+54 9 11 7551-7601', '', '', '07679a42-28c0-48b4-aa09-ff42ac930587'::uuid) ON CONFLICT (id) DO NOTHING;
INSERT INTO public.choferes (id, nombre, apellido, dni, telefono, email, foto_url, id_transporte) VALUES ('786623d5-abc4-42ae-b20a-d998fd8dbb22'::uuid, 'Fernando', 'López Demo', '38072349', '+54 9 11 7854-9469', '', '', '97fe058b-61ba-456e-b078-2184ff21bd9d'::uuid) ON CONFLICT (id) DO NOTHING;
INSERT INTO public.choferes (id, nombre, apellido, dni, telefono, email, foto_url, id_transporte) VALUES ('c5a7bdb0-c7a3-4cd3-9941-ebcd670bb929'::uuid, 'Juan', 'Martínez Demo', '33804093', '+54 9 11 4837-8351', '', '', '97fe058b-61ba-456e-b078-2184ff21bd9d'::uuid) ON CONFLICT (id) DO NOTHING;
INSERT INTO public.choferes (id, nombre, apellido, dni, telefono, email, foto_url, id_transporte) VALUES ('145d7544-80e7-4f0b-9daa-f5e0a47cb85f'::uuid, 'Pedro', 'Sánchez Demo', '31091130', '+54 9 11 4554-1446', '', '', '97fe058b-61ba-456e-b078-2184ff21bd9d'::uuid) ON CONFLICT (id) DO NOTHING;
INSERT INTO public.choferes (id, nombre, apellido, dni, telefono, email, foto_url, id_transporte) VALUES ('f925dccd-b62d-4276-8763-6382a070e989'::uuid, 'Carlos', 'Pérez Demo', '30725702', '+54 9 11 6014-8087', '', '', 'd0a5c949-0051-450a-aae1-88d2548d70e4'::uuid) ON CONFLICT (id) DO NOTHING;
INSERT INTO public.choferes (id, nombre, apellido, dni, telefono, email, foto_url, id_transporte) VALUES ('6e3ddf94-586e-46a9-8936-5c61f3a427ed'::uuid, 'Luis', 'Gómez Demo', '37410228', '+54 9 11 5692-9840', '', '', 'd0a5c949-0051-450a-aae1-88d2548d70e4'::uuid) ON CONFLICT (id) DO NOTHING;
INSERT INTO public.choferes (id, nombre, apellido, dni, telefono, email, foto_url, id_transporte) VALUES ('b886729a-bcdc-419d-84f2-694a0348d8d6'::uuid, 'Miguel', 'Díaz Demo', '33241384', '+54 9 11 6813-5625', '', '', 'd0a5c949-0051-450a-aae1-88d2548d70e4'::uuid) ON CONFLICT (id) DO NOTHING;
INSERT INTO public.choferes (id, nombre, apellido, dni, telefono, email, foto_url, id_transporte) VALUES ('38bcf58f-b4c4-4fcd-8e40-99142e6589ba'::uuid, 'Jorge', 'Torres Demo', '38168339', '+54 9 11 7753-6023', '', '', '1ab70192-9ff3-48e3-aad0-ab35b878dfd3'::uuid) ON CONFLICT (id) DO NOTHING;
INSERT INTO public.choferes (id, nombre, apellido, dni, telefono, email, foto_url, id_transporte) VALUES ('bf327b72-8e79-470d-afc5-b1fcef3a6236'::uuid, 'Roberto', 'Ramírez Demo', '34263858', '+54 9 11 7253-9901', '', '', '1ab70192-9ff3-48e3-aad0-ab35b878dfd3'::uuid) ON CONFLICT (id) DO NOTHING;
INSERT INTO public.choferes (id, nombre, apellido, dni, telefono, email, foto_url, id_transporte) VALUES ('851cc264-025f-4349-9255-bcfc9c8e6e71'::uuid, 'Diego', 'Flores Demo', '33128932', '+54 9 11 4534-7340', '', '', '1ab70192-9ff3-48e3-aad0-ab35b878dfd3'::uuid) ON CONFLICT (id) DO NOTHING;
INSERT INTO public.choferes (id, nombre, apellido, dni, telefono, email, foto_url, id_transporte) VALUES ('14208d54-86fa-4943-8ae5-589151aa5954'::uuid, 'Juan', 'Garcia', '30285649', '+54 9 11 6712-8542', '', '', '7fbfc39a-68e6-4e52-838b-834ea2b0258e'::uuid) ON CONFLICT (id) DO NOTHING;
INSERT INTO public.choferes (id, nombre, apellido, dni, telefono, email, foto_url, id_transporte) VALUES ('79608ed8-810c-4b68-a358-77f03f09f528'::uuid, 'Mariano', 'Demian Zayas', '46818705', '+5493564389373', '', '', '181d6a2b-cdc2-4a7a-8d2d-6ea1a7a18ded'::uuid) ON CONFLICT (id) DO NOTHING;
INSERT INTO public.choferes (id, nombre, apellido, dni, telefono, email, foto_url, id_transporte) VALUES ('d00f8c2c-0039-4bc7-a3fd-fc7dd535de1e'::uuid, 'Walter', 'Daniel Zayas', '28848617', '+541127669000', '', '', '181d6a2b-cdc2-4a7a-8d2d-6ea1a7a3a9ed'::uuid) ON CONFLICT (id) DO NOTHING;

-- =============================================
-- 6. VIAJES_DESPACHO (4 registros)
-- =============================================
INSERT INTO public.viajes_despacho (id, despacho_id, numero_viaje, id_transporte, id_camion, id_acoplado, id_chofer, estado) VALUES ('2c615d6a-d20b-497e-aee8-4a064b16e3fe'::uuid, '87524d5a-3f2f-4cc4-bdb4-210f7478b45e'::uuid, 1, NULL, NULL, NULL, NULL, 'camion_asignado') ON CONFLICT (id) DO NOTHING;
INSERT INTO public.viajes_despacho (id, despacho_id, numero_viaje, id_transporte, id_camion, id_acoplado, id_chofer, estado) VALUES ('44c4196c-5859-4281-9280-067609888432'::uuid, '361f4dc1-5347-41bf-a40c-134dd6e8a290'::uuid, 1, '181d6a2b-cdc2-4a7a-8d2d-6ea1a7a3a9ed'::uuid, NULL, NULL, NULL, 'camion_asignado') ON CONFLICT (id) DO NOTHING;
INSERT INTO public.viajes_despacho (id, despacho_id, numero_viaje, id_transporte, id_camion, id_acoplado, id_chofer, estado) VALUES ('83d51da4-fc91-4135-8c70-d87b09dbb551'::uuid, '9f931bbb-3d44-498f-977a-c17aef41f8a7'::uuid, 1, '181d6a2b-cdc2-4a7a-8d2d-6ea1a7a3a9ed'::uuid, NULL, NULL, NULL, 'expirado') ON CONFLICT (id) DO NOTHING;
INSERT INTO public.viajes_despacho (id, despacho_id, numero_viaje, id_transporte, id_camion, id_acoplado, id_chofer, estado) VALUES ('c0de3be5-4672-4da4-bd49-60066717215d'::uuid, 'b9a94a65-b143-4866-821f-ec6652f63bb7'::uuid, 1, '181d6a2b-cdc2-4a7a-8d2d-6ea1a7a3a9ed'::uuid, NULL, NULL, NULL, 'expirado') ON CONFLICT (id) DO NOTHING;

-- =============================================
-- VERIFICACIÓN FINAL
-- =============================================
SELECT 'empresas' as tabla, COUNT(*) as registros FROM public.empresas
UNION ALL SELECT 'relaciones_empresas', COUNT(*) FROM public.relaciones_empresas
UNION ALL SELECT 'camiones', COUNT(*) FROM public.camiones
UNION ALL SELECT 'acoplados', COUNT(*) FROM public.acoplados
UNION ALL SELECT 'choferes', COUNT(*) FROM public.choferes
UNION ALL SELECT 'viajes_despacho', COUNT(*) FROM public.viajes_despacho
ORDER BY tabla;
